{
  "train_loss": [
    1.6444643708414277,
    1.3229327190828175,
    0.9194457231942558,
    0.6951311998485629,
    0.568751039395882,
    0.47555345444593455,
    0.3883841469434429,
    0.33286813475762617,
    0.29879491541299996,
    0.2506443413197137
  ],
  "train_accuracy": [
    0.27397127329192544,
    0.43196816770186336,
    0.609763198757764,
    0.6957492236024845,
    0.7493206521739131,
    0.796777950310559,
    0.8318128881987578,
    0.859277950310559,
    0.8795613354037267,
    0.8973214285714286
  ],
  "val_loss": [
    1.4673444322241955,
    1.0337818564483274,
    0.7360651681031422,
    0.5943888227756421,
    0.4945286171984451,
    0.4278987422175032,
    0.40292196777557765,
    0.36273048194551116,
    0.32654077553373895,
    0.2744104130128101
  ],
  "val_accuracy": [
    0.36640625,
    0.578125,
    0.68515625,
    0.742578125,
    0.796484375,
    0.821484375,
    0.83125,
    0.858984375,
    0.872265625,
    0.897265625
  ],
  "metadata": {
    "timestamp": "2025-07-13T15:48:32.750823",
    "epochs_completed": 10,
    "batch_size": 32,
    "learning_rate": 0.002,
    "optimizer": "adam",
    "total_training_samples": 10324,
    "total_validation_samples": 2581,
    "final_train_accuracy": 0.8973214285714286,
    "final_val_accuracy": 0.897265625
  }
}